{
    "name": "root",
    "gauges": {
        "Dodger.Policy.Entropy.mean": {
            "value": 3.0751898288726807,
            "min": 2.7348153591156006,
            "max": 3.2993900775909424,
            "count": 311
        },
        "Dodger.Policy.ExtrinsicValueEstimate.mean": {
            "value": -0.12123873084783554,
            "min": -0.20998410880565643,
            "max": -0.039848506450653076,
            "count": 311
        },
        "Dodger.Policy.CuriosityValueEstimate.mean": {
            "value": 0.3702762722969055,
            "min": 0.3300659656524658,
            "max": 0.5347484350204468,
            "count": 311
        },
        "Dodger.Environment.EpisodeLength.mean": {
            "value": 520.578947368421,
            "min": 225.0,
            "max": 1177.357142857143,
            "count": 311
        },
        "Dodger.Environment.CumulativeReward.mean": {
            "value": -0.11631580559830916,
            "min": -5.3016667912403745,
            "max": 0.5845454436811534,
            "count": 311
        },
        "Dodger.Policy.ExtrinsicReward.mean": {
            "value": -0.11631580559830916,
            "min": -5.3016667912403745,
            "max": 0.5845454436811534,
            "count": 311
        },
        "Dodger.Policy.CuriosityReward.mean": {
            "value": 1.4690170754727565,
            "min": 0.0,
            "max": 12.065614098566584,
            "count": 311
        },
        "Dodger.IsTraining.mean": {
            "value": 1.0,
            "min": 1.0,
            "max": 1.0,
            "count": 311
        },
        "Dodger.Losses.ValueLoss.mean": {
            "value": 0.0030372398905456066,
            "min": 0.0015394440852105618,
            "max": 1.1468197107315063,
            "count": 310
        },
        "Dodger.Losses.PolicyLoss.mean": {
            "value": 0.1284634917974472,
            "min": 0.09924686700105667,
            "max": 0.14856764674186707,
            "count": 310
        },
        "Dodger.Policy.LearningRate.mean": {
            "value": 0.00029999998514540493,
            "min": 0.00029999998514540493,
            "max": 0.0003000000142492354,
            "count": 310
        },
        "Dodger.Policy.Epsilon.mean": {
            "value": 0.20000003278255463,
            "min": 0.20000001788139343,
            "max": 0.20000004768371582,
            "count": 310
        },
        "Dodger.Policy.Beta.mean": {
            "value": 0.004999999422580004,
            "min": 0.004999998956918716,
            "max": 0.004999999888241291,
            "count": 310
        },
        "Dodger.Losses.CuriosityForwardLoss.mean": {
            "value": 0.11980117112398148,
            "min": 0.11112058907747269,
            "max": 411.7662353515625,
            "count": 310
        },
        "Dodger.Losses.CuriosityInverseLoss.mean": {
            "value": 2.1150150299072266,
            "min": 2.1150150299072266,
            "max": 2.810434579849243,
            "count": 310
        }
    },
    "metadata": {
        "timer_format_version": "0.1.0",
        "start_time_seconds": "1609846164",
        "python_version": "3.8.5 (default, Sep  3 2020, 21:29:08) [MSC v.1916 64 bit (AMD64)]",
        "command_line_arguments": "C:\\Anaconda\\envs\\ml-agents\\Scripts\\mlagents-learn Dodger.yml --run-id Dodger_run_11 --resume",
        "mlagents_version": "0.21.1",
        "mlagents_envs_version": "0.21.1",
        "communication_protocol_version": "1.2.0",
        "tensorflow_version": "2.3.1",
        "numpy_version": "1.19.2",
        "end_time_seconds": "1609862577"
    },
    "total": 16413.6921174,
    "count": 1,
    "self": 0.04162169999835896,
    "children": {
        "run_training.setup": {
            "total": 0.024651100000000037,
            "count": 1,
            "self": 0.024651100000000037
        },
        "TrainerController.start_learning": {
            "total": 16413.625844600003,
            "count": 1,
            "self": 6.110048899950925,
            "children": {
                "TrainerController._reset_env": {
                    "total": 16.3063681,
                    "count": 1,
                    "self": 16.3063681
                },
                "TrainerController.advance": {
                    "total": 16387.009634000053,
                    "count": 257671,
                    "self": 2.7407200000416196,
                    "children": {
                        "env_step": {
                            "total": 16384.26891400001,
                            "count": 257671,
                            "self": 15980.002863500025,
                            "children": {
                                "SubprocessEnvManager._take_step": {
                                    "total": 400.4155336998496,
                                    "count": 257671,
                                    "self": 6.831153599581,
                                    "children": {
                                        "TFPolicy.evaluate": {
                                            "total": 393.5843801002686,
                                            "count": 254004,
                                            "self": 393.5843801002686
                                        }
                                    }
                                },
                                "workers": {
                                    "total": 3.850516800136102,
                                    "count": 257670,
                                    "self": 0.0,
                                    "children": {
                                        "worker_root": {
                                            "total": 16386.393060000573,
                                            "count": 257670,
                                            "is_parallel": true,
                                            "self": 827.2495368999917,
                                            "children": {
                                                "steps_from_proto": {
                                                    "total": 0.006164399999999404,
                                                    "count": 1,
                                                    "is_parallel": true,
                                                    "self": 0.001144400000002932,
                                                    "children": {
                                                        "_process_vector_observation": {
                                                            "total": 0.005019999999996472,
                                                            "count": 12,
                                                            "is_parallel": true,
                                                            "self": 0.005019999999996472
                                                        }
                                                    }
                                                },
                                                "UnityEnvironment.step": {
                                                    "total": 15559.137358700582,
                                                    "count": 257670,
                                                    "is_parallel": true,
                                                    "self": 32.19127569991542,
                                                    "children": {
                                                        "UnityEnvironment._generate_step_input": {
                                                            "total": 88.47729450066103,
                                                            "count": 257670,
                                                            "is_parallel": true,
                                                            "self": 88.47729450066103
                                                        },