{
    "name": "root",
    "gauges": {
        "Dodger.Policy.Entropy.mean": {
            "value": 3.0190489292144775,
            "min": 2.925138235092163,
            "max": 3.2526655197143555,
            "count": 201
        },
        "Dodger.Environment.EpisodeLength.mean": {
            "value": 604.375,
            "min": 73.33333333333333,
            "max": 1069.6363636363637,
            "count": 201
        },
        "Dodger.Policy.ExtrinsicValueEstimate.mean": {
            "value": -0.07742077112197876,
            "min": -0.18498700857162476,
            "max": -0.02256556786596775,
            "count": 201
        },
        "Dodger.Policy.CuriosityValueEstimate.mean": {
            "value": 0.23729245364665985,
            "min": 0.20880961418151855,
            "max": 0.2582143247127533,
            "count": 201
        },
        "Dodger.Environment.CumulativeReward.mean": {
            "value": 0.15374998468905687,
            "min": -6.332307763540974,
            "max": 0.8628571323518243,
            "count": 201
        },
        "Dodger.Policy.ExtrinsicReward.mean": {
            "value": 0.15374998468905687,
            "min": -6.332307763540974,
            "max": 0.8628571323518243,
            "count": 201
        },
        "Dodger.Policy.CuriosityReward.mean": {
            "value": 1.3616186832077801,
            "min": 0.0,
            "max": 2.997411967001178,
            "count": 201
        },
        "Dodger.IsTraining.mean": {
            "value": 1.0,
            "min": 1.0,
            "max": 1.0,
            "count": 201
        },
        "Dodger.Losses.ValueLoss.mean": {
            "value": 0.005574502050876617,
            "min": 0.00048118134145624936,
            "max": 0.02354375645518303,
            "count": 200
        },
        "Dodger.Losses.PolicyLoss.mean": {
            "value": 0.13614554703235626,
            "min": 0.11733929067850113,
            "max": 0.14643484354019165,
            "count": 200
        },
        "Dodger.Policy.LearningRate.mean": {
            "value": 0.0003000000142492354,
            "min": 0.00029999998514540493,
            "max": 0.0003000000142492354,
            "count": 200
        },
        "Dodger.Policy.Epsilon.mean": {
            "value": 0.20000004768371582,
            "min": 0.20000001788139343,
            "max": 0.20000004768371582,
            "count": 200
        },
        "Dodger.Policy.Beta.mean": {
            "value": 0.004999999422580004,
            "min": 0.004999998956918716,
            "max": 0.004999999888241291,
            "count": 200
        },
        "Dodger.Losses.CuriosityForwardLoss.mean": {
            "value": 0.10219652205705643,
            "min": 0.07343626022338867,
            "max": 3.0003371238708496,
            "count": 200
        },
        "Dodger.Losses.CuriosityInverseLoss.mean": {
            "value": 2.9985718727111816,
            "min": 2.864741802215576,
            "max": 3.232970952987671,
            "count": 200
        }
    },
    "metadata": {
        "timer_format_version": "0.1.0",
        "start_time_seconds": "1608751455",
        "python_version": "3.8.5 (default, Sep  3 2020, 21:29:08) [MSC v.1916 64 bit (AMD64)]",
        "command_line_arguments": "C:\\Anaconda\\envs\\ml-agents\\Scripts\\mlagents-learn Dodger.yml --run-id Dodger_Run_1 --resume",
        "mlagents_version": "0.21.1",
        "mlagents_envs_version": "0.21.1",
        "communication_protocol_version": "1.2.0",
        "tensorflow_version": "2.3.1",
        "numpy_version": "1.19.2",
        "end_time_seconds": "1608760093"
    },
    "total": 8637.5071053,
    "count": 1,
    "self": 0.006429599998227786,
    "children": {
        "run_training.setup": {
            "total": 0.012838700000000536,
            "count": 1,
            "self": 0.012838700000000536
        },
        "TrainerController.start_learning": {
            "total": 8637.487837,
            "count": 1,
            "self": 2.111103499923047,
            "children": {
                "TrainerController._reset_env": {
                    "total": 11.384021299999999,
                    "count": 1,
                    "self": 11.384021299999999
                },
                "TrainerController.advance": {
                    "total": 8619.955297000079,
                    "count": 83503,
                    "self": 0.8796948000835982,
                    "children": {
                        "env_step": {
                            "total": 8619.075602199995,
                            "count": 83503,
                            "self": 8440.349386499787,
                            "children": {
                                "SubprocessEnvManager._take_step": {
                                    "total": 177.4421877000267,
                                    "count": 83503,
                                    "self": 2.718015500186141,
                                    "children": {
                                        "TFPolicy.evaluate": {
                                            "total": 174.72417219984055,
                                            "count": 81331,
                                            "self": 174.72417219984055
                                        }
                                    }
                                },
                                "workers": {
                                    "total": 1.2840280001812907,
                                    "count": 83502,
                                    "self": 0.0,
                                    "children": {
                                        "worker_root": {
                                            "total": 8620.951647599915,
                                            "count": 83502,
                                            "is_parallel": true,
                                            "self": 372.6095656000598,
                                            "children": {
                                                "steps_from_proto": {
                                                    "total": 0.005285699999999949,
                                                    "count": 1,
                                                    "is_parallel": true,
                                                    "self": 0.00027480000000146276,
                                                    "children": {
                                                        "_process_vector_observation": {
                                                            "total": 0.005010899999998486,
                                                            "count": 8,
                                                            "is_parallel": true,
                                                            "self": 0.005010899999998486
                                                        }
                                                    }
                                                },
                                                "UnityEnvironment.step": {
                                                    "total": 8248.336796299856,
                                                    "count": 83502,
                                                    "is_parallel": true,
                                                    "self": 14.659799899800419,
                                                    "children": {
                                                        "UnityEnvironment._generate_step_input": {
                                                            "total": 49.059362999937086,
                                                            "count": 83502,
                                                            "is_parallel": true,
                                                            "self": 49.059362999937086
                                                        },