{
    "name": "root",
    "gauges": {
        "Dodger.Policy.Entropy.mean": {
            "value": 3.386195182800293,
            "min": 3.3819870948791504,
            "max": 3.988882541656494,
            "count": 136
        },
        "Dodger.Policy.ExtrinsicValueEstimate.mean": {
            "value": -0.17930856347084045,
            "min": -0.41547346115112305,
            "max": 0.00022688139870297164,
            "count": 136
        },
        "Dodger.Policy.CuriosityValueEstimate.mean": {
            "value": 0.36464253067970276,
            "min": -0.03540782257914543,
            "max": 0.48674142360687256,
            "count": 136
        },
        "Dodger.Environment.EpisodeLength.mean": {
            "value": 892.6153846153846,
            "min": 217.0,
            "max": 1173.695652173913,
            "count": 136
        },
        "Dodger.Environment.CumulativeReward.mean": {
            "value": -6.9984616588514585,
            "min": -18.514285759734257,
            "max": 0.877499989233911,
            "count": 136
        },
        "Dodger.Policy.ExtrinsicReward.mean": {
            "value": -6.9984616588514585,
            "min": -18.514285759734257,
            "max": 0.877499989233911,
            "count": 136
        },
        "Dodger.Policy.CuriosityReward.mean": {
            "value": 3.060575985421355,
            "min": 0.0,
            "max": 8.181395272866054,
            "count": 136
        },
        "Dodger.IsTraining.mean": {
            "value": 1.0,
            "min": 1.0,
            "max": 1.0,
            "count": 136
        },
        "Dodger.Losses.ValueLoss.mean": {
            "value": 0.02577720582485199,
            "min": 0.0018365015275776386,
            "max": 0.17326846718788147,
            "count": 135
        },
        "Dodger.Losses.PolicyLoss.mean": {
            "value": 0.13964442908763885,
            "min": 0.10664020478725433,
            "max": 0.14668558537960052,
            "count": 135
        },
        "Dodger.Policy.LearningRate.mean": {
            "value": 0.0003000000142492354,
            "min": 0.0002999999560415745,
            "max": 0.0003000000142492354,
            "count": 135
        },
        "Dodger.Policy.Epsilon.mean": {
            "value": 0.20000001788139343,
            "min": 0.20000001788139343,
            "max": 0.20000004768371582,
            "count": 135
        },
        "Dodger.Policy.Beta.mean": {
            "value": 0.004999999422580004,
            "min": 0.004999998956918716,
            "max": 0.004999999888241291,
            "count": 135
        },
        "Dodger.Losses.CuriosityForwardLoss.mean": {
            "value": 0.1394493281841278,
            "min": 0.06468947976827621,
            "max": 0.23551908135414124,
            "count": 135
        },
        "Dodger.Losses.CuriosityInverseLoss.mean": {
            "value": 2.4485182762145996,
            "min": 2.408794641494751,
            "max": 3.896934747695923,
            "count": 135
        }
    },
    "metadata": {
        "timer_format_version": "0.1.0",
        "start_time_seconds": "1609747740",
        "python_version": "3.8.5 (default, Sep  3 2020, 21:29:08) [MSC v.1916 64 bit (AMD64)]",
        "command_line_arguments": "C:\\Anaconda\\envs\\ml-agents\\Scripts\\mlagents-learn Dodger.yml --run-id Dodger_run_10",
        "mlagents_version": "0.21.1",
        "mlagents_envs_version": "0.21.1",
        "communication_protocol_version": "1.2.0",
        "tensorflow_version": "2.3.1",
        "numpy_version": "1.19.2",
        "end_time_seconds": "1609756250"
    },
    "total": 8510.316205500001,
    "count": 1,
    "self": 0.005045200001404737,
    "children": {
        "run_training.setup": {
            "total": 0.0059925999999999036,
            "count": 1,
            "self": 0.0059925999999999036
        },
        "TrainerController.start_learning": {
            "total": 8510.3051677,
            "count": 1,
            "self": 1.3781184999388643,
            "children": {
                "TrainerController._reset_env": {
                    "total": 9.1751891,
                    "count": 1,
                    "self": 9.1751891
                },
                "TrainerController.advance": {
                    "total": 8494.94257760006,
                    "count": 51080,
                    "self": 0.5815367001614504,
                    "children": {
                        "env_step": {
                            "total": 8494.3610408999,
                            "count": 51080,
                            "self": 8379.195413399953,
                            "children": {
                                "SubprocessEnvManager._take_step": {
                                    "total": 114.37949309989848,
                                    "count": 51080,
                                    "self": 1.7919466998134368,
                                    "children": {
                                        "TFPolicy.evaluate": {
                                            "total": 112.58754640008505,
                                            "count": 49924,
                                            "self": 112.58754640008505
                                        }
                                    }
                                },
                                "workers": {
                                    "total": 0.7861344000482031,
                                    "count": 51079,
                                    "self": 0.0,
                                    "children": {
                                        "worker_root": {
                                            "total": 8496.01930710011,
                                            "count": 51079,
                                            "is_parallel": true,
                                            "self": 235.7535518000932,
                                            "children": {
                                                "steps_from_proto": {
                                                    "total": 0.007785500000000667,
                                                    "count": 1,
                                                    "is_parallel": true,
                                                    "self": 0.000310999999999062,
                                                    "children": {
                                                        "_process_vector_observation": {
                                                            "total": 0.007474500000001605,
                                                            "count": 12,
                                                            "is_parallel": true,
                                                            "self": 0.007474500000001605
                                                        }
                                                    }
                                                },
                                                "UnityEnvironment.step": {
                                                    "total": 8260.257969800017,
                                                    "count": 51079,
                                                    "is_parallel": true,
                                                    "self": 14.439527299959082,
                                                    "children": {
                                                        "UnityEnvironment._generate_step_input": {
                                                            "total": 35.379951699927624,
                                                            "count": 51079,
                                                            "is_parallel": true,
                                                            "self": 35.379951699927624
                                                        },