{"count":1,"self":1079.789568,"total":5974.2169256,"children":{"AgentSendState":{"count":538634,"self":43.7775584,"total":1029.924143,"children":{"CollectObservations":{"count":1063572,"self":6.4303571999999996,"total":6.4303571999999996,"children":null},"CollectDiscreteActionMasks":{"count":1063572,"self":6.4579559999999994,"total":6.4579559999999994,"children":null},"AgentInfo.ToProto":{"count":1063572,"self":21.6107408,"total":973.25827129999993,"children":{"GenerateSensorData":{"count":1063572,"self":448.43765759999997,"total":951.6475306,"children":{"RayPerceptionSensor.Perceive":{"count":5317860,"self":503.20988159999996,"total":503.2098916,"children":null}}}}}}},"DecideAction":{"count":538634,"self":3847.7676543999996,"total":3847.767769,"children":null},"AgentAct":{"count":538634,"self":14.435846399999999,"total":14.435845899999999,"children":null},"AgentInfo.ToProto":{"count":2263,"self":0.061023299999999996,"total":2.2986421,"children":{"GenerateSensorData":{"count":2263,"self":1.025847,"total":2.2376188,"children":{"RayPerceptionSensor.Perceive":{"count":11315,"self":1.2117718,"total":1.2117718,"children":null}}}}}},"gauges":{"Dodger.CumulativeReward":{"count":2263,"max":1.18999922,"min":-51.85,"runningAverage":-0.417614371,"value":0.170000061,"weightedAverage":-0.508598566}},"metadata":{"timer_format_version":"0.1.0","start_time_seconds":"1610042464","unity_version":"2019.4.10f1","command_line_arguments":"C:\\Program Files\\Unity\\Hub\\Editor\\2019.4.10f1\\Editor\\Unity.exe -projectpath E:\/Unity Projects\/Trefbal\/Trefbal -useHub -hubIPC -cloudEnvironment production -hubSessionId 44e37480-50d7-11eb-be91-2904b7f690cf -accessToken G708gudL_2PX5V19gh-_T0NzE_ZUdOdUw8d2uXZCtqY001f","communication_protocol_version":"1.0.0","com.unity.ml-agents_version":"1.0.5","scene_name":"TrainingScene","end_time_seconds":"1610048438"}}