{"count":1,"self":1191.8521343999998,"total":6325.3247518,"children":{"AgentSendState":{"count":655984,"self":47.664671999999996,"total":1081.7978369999998,"children":{"CollectObservations":{"count":1183796,"self":7.236088,"total":7.2360878999999994,"children":null},"CollectDiscreteActionMasks":{"count":1183796,"self":7.110296,"total":7.1102957,"children":null},"AgentInfo.ToProto":{"count":1183796,"self":22.6438512,"total":1019.7867828999999,"children":{"GenerateSensorData":{"count":1183796,"self":465.6530944,"total":997.1429314,"children":{"RayPerceptionSensor.Perceive":{"count":5918980,"self":531.489792,"total":531.4898161,"children":null}}}}}}},"DecideAction":{"count":655984,"self":4034.1032959999998,"total":4034.1034062999997,"children":null},"AgentAct":{"count":655984,"self":15.194975999999999,"total":15.1949753,"children":null},"AgentInfo.ToProto":{"count":2512,"self":0.055964799999999995,"total":2.3753709,"children":{"GenerateSensorData":{"count":2512,"self":1.0688691,"total":2.3194060999999997,"children":{"RayPerceptionSensor.Perceive":{"count":12560,"self":1.250537,"total":1.250537,"children":null}}}}}},"gauges":{"Dodger.CumulativeReward":{"count":2512,"max":1.18999922,"min":-53.89,"runningAverage":-0.5040727,"value":-0.07000014,"weightedAverage":-0.251380175}},"metadata":{"timer_format_version":"0.1.0","start_time_seconds":"1610017299","unity_version":"2019.4.10f1","command_line_arguments":"C:\\Program Files\\Unity\\Hub\\Editor\\2019.4.10f1\\Editor\\Unity.exe -projectpath E:\/Unity Projects\/Trefbal\/Trefbal -useHub -hubIPC -cloudEnvironment production -hubSessionId 44e37480-50d7-11eb-be91-2904b7f690cf -accessToken Btwj15QMgsMrNGTnuzOX4mrFt_Kgxdc8dhlVQPQl9WI001f","communication_protocol_version":"1.0.0","com.unity.ml-agents_version":"1.0.5","scene_name":"TrainingScene","end_time_seconds":"1610023624"}}