{
    "name": "root",
    "gauges": {
        "Dodger.Policy.Entropy.mean": {
            "value": 2.6815683841705322,
            "min": 2.6714861392974854,
            "max": 3.3805041313171387,
            "count": 212
        },
        "Dodger.Environment.EpisodeLength.mean": {
            "value": 133.32894736842104,
            "min": 108.9,
            "max": 791.2307692307693,
            "count": 212
        },
        "Dodger.Policy.ExtrinsicValueEstimate.mean": {
            "value": -0.02698974683880806,
            "min": -0.19490082561969757,
            "max": 0.02252698317170143,
            "count": 212
        },
        "Dodger.Policy.CuriosityValueEstimate.mean": {
            "value": 0.5772094130516052,
            "min": 0.39886802434921265,
            "max": 0.5840830206871033,
            "count": 212
        },
        "Dodger.Environment.CumulativeReward.mean": {
            "value": -0.01723684696480632,
            "min": -11.346956549941197,
            "max": 0.3047826027740603,
            "count": 212
        },
        "Dodger.Policy.ExtrinsicReward.mean": {
            "value": -0.01723684696480632,
            "min": -11.346956549941197,
            "max": 0.3047826027740603,
            "count": 212
        },
        "Dodger.Policy.CuriosityReward.mean": {
            "value": 0.5195835626586095,
            "min": 0.0,
            "max": 4.653158019816217,
            "count": 212
        },
        "Dodger.IsTraining.mean": {
            "value": 1.0,
            "min": 1.0,
            "max": 1.0,
            "count": 212
        },
        "Dodger.Losses.ValueLoss.mean": {
            "value": 0.005236300174146891,
            "min": 0.0009867497719824314,
            "max": 0.17579837143421173,
            "count": 211
        },
        "Dodger.Losses.PolicyLoss.mean": {
            "value": 0.1386389136314392,
            "min": 0.10030161589384079,
            "max": 0.1469668447971344,
            "count": 211
        },
        "Dodger.Policy.LearningRate.mean": {
            "value": 0.00029999998514540493,
            "min": 0.0002999999560415745,
            "max": 0.0003000000142492354,
            "count": 211
        },
        "Dodger.Policy.Epsilon.mean": {
            "value": 0.20000003278255463,
            "min": 0.20000001788139343,
            "max": 0.20000004768371582,
            "count": 211
        },
        "Dodger.Policy.Beta.mean": {
            "value": 0.004999999422580004,
            "min": 0.004999998956918716,
            "max": 0.004999999888241291,
            "count": 211
        },
        "Dodger.Losses.CuriosityForwardLoss.mean": {
            "value": 0.17659857869148254,
            "min": 0.14862309396266937,
            "max": 0.4998428523540497,
            "count": 211
        },
        "Dodger.Losses.CuriosityInverseLoss.mean": {
            "value": 1.8939082622528076,
            "min": 1.4761470556259155,
            "max": 2.4448530673980713,
            "count": 211
        }
    },
    "metadata": {
        "timer_format_version": "0.1.0",
        "start_time_seconds": "1609671618",
        "python_version": "3.8.5 (default, Sep  3 2020, 21:29:08) [MSC v.1916 64 bit (AMD64)]",
        "command_line_arguments": "C:\\Anaconda\\envs\\ml-agents\\Scripts\\mlagents-learn Dodger.yml --run-id Dodger_run_8 --resume",
        "mlagents_version": "0.21.1",
        "mlagents_envs_version": "0.21.1",
        "communication_protocol_version": "1.2.0",
        "tensorflow_version": "2.3.1",
        "numpy_version": "1.19.2",
        "end_time_seconds": "1609684143"
    },
    "total": 12523.0595232,
    "count": 1,
    "self": 0.055228499999429914,
    "children": {
        "run_training.setup": {
            "total": 0.007629300000000061,
            "count": 1,
            "self": 0.007629300000000061
        },
        "TrainerController.start_learning": {
            "total": 12522.9966654,
            "count": 1,
            "self": 2.476836200010439,
            "children": {
                "TrainerController._reset_env": {
                    "total": 8.392091899999999,
                    "count": 1,
                    "self": 8.392091899999999
                },
                "TrainerController.advance": {
                    "total": 12507.976973099989,
                    "count": 100668,
                    "self": 1.0656368002946692,
                    "children": {
                        "env_step": {
                            "total": 12506.911336299694,
                            "count": 100668,
                            "self": 12323.053691199759,
                            "children": {
                                "SubprocessEnvManager._take_step": {
                                    "total": 182.41899229997597,
                                    "count": 100668,
                                    "self": 2.9151150996937076,
                                    "children": {
                                        "TFPolicy.evaluate": {
                                            "total": 179.50387720028226,
                                            "count": 92457,
                                            "self": 179.50387720028226
                                        }
                                    }
                                },
                                "workers": {
                                    "total": 1.4386527999602787,
                                    "count": 100667,
                                    "self": 0.0,
                                    "children": {
                                        "worker_root": {
                                            "total": 12508.26407110009,
                                            "count": 100667,
                                            "is_parallel": true,
                                            "self": 375.5031109000138,
                                            "children": {
                                                "steps_from_proto": {
                                                    "total": 0.00752029999999948,
                                                    "count": 1,
                                                    "is_parallel": true,
                                                    "self": 0.000260599999998945,
                                                    "children": {
                                                        "_process_vector_observation": {
                                                            "total": 0.007259700000000535,
                                                            "count": 12,
                                                            "is_parallel": true,
                                                            "self": 0.007259700000000535
                                                        }
                                                    }
                                                },
                                                "UnityEnvironment.step": {
                                                    "total": 12132.753439900076,
                                                    "count": 100667,
                                                    "is_parallel": true,
                                                    "self": 18.806985699935467,
                                                    "children": {
                                                        "UnityEnvironment._generate_step_input": {
                                                            "total": 52.10111659998272,
                                                            "count": 100667,
                                                            "is_parallel": true,
                                                            "self": 52.10111659998272
                                                        },