{
    "name": "root",
    "gauges": {
        "Dodger.Policy.Entropy.mean": {
            "value": 3.5144283771514893,
            "min": 3.505437135696411,
            "max": 3.9255881309509277,
            "count": 54
        },
        "Dodger.Policy.ExtrinsicValueEstimate.mean": {
            "value": -0.021375209093093872,
            "min": -0.14793828129768372,
            "max": 0.023877635598182678,
            "count": 54
        },
        "Dodger.Policy.CuriosityValueEstimate.mean": {
            "value": 0.22840289771556854,
            "min": 0.06934859603643417,
            "max": 0.27795132994651794,
            "count": 54
        },
        "Dodger.Environment.EpisodeLength.mean": {
            "value": 868.4166666666666,
            "min": 134.8,
            "max": 986.8,
            "count": 54
        },
        "Dodger.Environment.CumulativeReward.mean": {
            "value": 0.30999998981133103,
            "min": -3.546000069193542,
            "max": 0.7799999903548848,
            "count": 54
        },
        "Dodger.Policy.ExtrinsicReward.mean": {
            "value": 0.30999998981133103,
            "min": -3.546000069193542,
            "max": 0.7799999903548848,
            "count": 54
        },
        "Dodger.Policy.CuriosityReward.mean": {
            "value": 2.1078587798401713,
            "min": 0.0,
            "max": 2.6516929528443143,
            "count": 54
        },
        "Dodger.IsTraining.mean": {
            "value": 1.0,
            "min": 1.0,
            "max": 1.0,
            "count": 54
        },
        "Dodger.Losses.ValueLoss.mean": {
            "value": 0.004385329317301512,
            "min": 0.0013398992596194148,
            "max": 0.02223815768957138,
            "count": 53
        },
        "Dodger.Losses.PolicyLoss.mean": {
            "value": 0.13225319981575012,
            "min": 0.11972706019878387,
            "max": 0.1440969556570053,
            "count": 53
        },
        "Dodger.Policy.LearningRate.mean": {
            "value": 0.0003000000142492354,
            "min": 0.00029999998514540493,
            "max": 0.0003000000142492354,
            "count": 53
        },
        "Dodger.Policy.Epsilon.mean": {
            "value": 0.20000001788139343,
            "min": 0.20000001788139343,
            "max": 0.20000004768371582,
            "count": 53
        },
        "Dodger.Policy.Beta.mean": {
            "value": 0.004999999422580004,
            "min": 0.004999999422580004,
            "max": 0.004999999888241291,
            "count": 53
        },
        "Dodger.Losses.CuriosityForwardLoss.mean": {
            "value": 0.10486677289009094,
            "min": 0.05409654229879379,
            "max": 0.14801695942878723,
            "count": 53
        },
        "Dodger.Losses.CuriosityInverseLoss.mean": {
            "value": 3.3717641830444336,
            "min": 3.3206961154937744,
            "max": 3.850710153579712,
            "count": 53
        }
    },
    "metadata": {
        "timer_format_version": "0.1.0",
        "start_time_seconds": "1609252081",
        "python_version": "3.8.5 (default, Sep  3 2020, 21:29:08) [MSC v.1916 64 bit (AMD64)]",
        "command_line_arguments": "C:\\Anaconda\\envs\\ml-agents\\Scripts\\mlagents-learn Dodger.yml --run-id Dodger_Run_4 --resume",
        "mlagents_version": "0.21.1",
        "mlagents_envs_version": "0.21.1",
        "communication_protocol_version": "1.2.0",
        "tensorflow_version": "2.3.1",
        "numpy_version": "1.19.2",
        "end_time_seconds": "1609254661"
    },
    "total": 2580.2160728,
    "count": 1,
    "self": 0.004416700000092533,
    "children": {
        "run_training.setup": {
            "total": 0.013003100000000156,
            "count": 1,
            "self": 0.013003100000000156
        },
        "TrainerController.start_learning": {
            "total": 2580.198653,
            "count": 1,
            "self": 0.4974724999801765,
            "children": {
                "TrainerController._reset_env": {
                    "total": 5.541593499999999,
                    "count": 1,
                    "self": 5.541593499999999
                },
                "TrainerController.advance": {
                    "total": 2570.16433160002,
                    "count": 21875,
                    "self": 0.23092830000496178,
                    "children": {
                        "env_step": {
                            "total": 2569.933403300015,
                            "count": 21875,
                            "self": 2524.4878348999987,
                            "children": {
                                "SubprocessEnvManager._take_step": {
                                    "total": 45.14570200001406,
                                    "count": 21875,
                                    "self": 0.6803521000169965,
                                    "children": {
                                        "TFPolicy.evaluate": {
                                            "total": 44.465349899997065,
                                            "count": 21344,
                                            "self": 44.465349899997065
                                        }
                                    }
                                },
                                "workers": {
                                    "total": 0.29986640000238296,
                                    "count": 21874,
                                    "self": 0.0,
                                    "children": {
                                        "worker_root": {
                                            "total": 2571.8070406999936,
                                            "count": 21874,
                                            "is_parallel": true,
                                            "self": 94.00247490002857,
                                            "children": {
                                                "steps_from_proto": {
                                                    "total": 0.006186599999999931,
                                                    "count": 1,
                                                    "is_parallel": true,
                                                    "self": 0.00027650000000001285,
                                                    "children": {
                                                        "_process_vector_observation": {
                                                            "total": 0.005910099999999918,
                                                            "count": 12,
                                                            "is_parallel": true,
                                                            "self": 0.005910099999999918
                                                        }
                                                    }
                                                },
                                                "UnityEnvironment.step": {
                                                    "total": 2477.798379199965,
                                                    "count": 21874,
                                                    "is_parallel": true,
                                                    "self": 4.362774900040222,
                                                    "children": {
                                                        "UnityEnvironment._generate_step_input": {
                                                            "total": 13.07532019997318,
                                                            "count": 21874,
                                                            "is_parallel": true,
                                                            "self": 13.07532019997318
                                                        },