{
    "name": "root",
    "gauges": {
        "Dodger.Policy.Entropy.mean": {
            "value": 2.7837631702423096,
            "min": 2.7837631702423096,
            "max": 2.889860153198242,
            "count": 13
        },
        "Dodger.Environment.EpisodeLength.mean": {
            "value": 134.73611111111111,
            "min": 80.3109243697479,
            "max": 134.73611111111111,
            "count": 13
        },
        "Dodger.Policy.ExtrinsicValueEstimate.mean": {
            "value": -0.5768758058547974,
            "min": -0.5768758058547974,
            "max": -0.04236701875925064,
            "count": 13
        },
        "Dodger.Policy.CuriosityValueEstimate.mean": {
            "value": 0.5468047857284546,
            "min": -0.0029479532968252897,
            "max": 0.5468047857284546,
            "count": 13
        },
        "Dodger.Environment.CumulativeReward.mean": {
            "value": -1.482676064411939,
            "min": -1.482676064411939,
            "max": -0.4082105283282305,
            "count": 13
        },
        "Dodger.Policy.ExtrinsicReward.mean": {
            "value": -1.482676064411939,
            "min": -1.482676064411939,
            "max": -0.4082105283282305,
            "count": 13
        },
        "Dodger.Policy.CuriosityReward.mean": {
            "value": 0.6206758419169821,
            "min": 0.0021777861214921637,
            "max": 0.6206758419169821,
            "count": 13
        },
        "Dodger.Losses.ValueLoss.mean": {
            "value": 0.021587012335658073,
            "min": 0.0033935101237148046,
            "max": 0.025208648294210434,
            "count": 13
        },
        "Dodger.Losses.PolicyLoss.mean": {
            "value": 0.140034019947052,
            "min": 0.13096335530281067,
            "max": 0.14394357800483704,
            "count": 13
        },
        "Dodger.Policy.LearningRate.mean": {
            "value": 0.0003000000142492354,
            "min": 0.00029999998514540493,
            "max": 0.0003000000142492354,
            "count": 13
        },
        "Dodger.Policy.Epsilon.mean": {
            "value": 0.20000004768371582,
            "min": 0.20000001788139343,
            "max": 0.20000004768371582,
            "count": 13
        },
        "Dodger.Policy.Beta.mean": {
            "value": 0.004999999422580004,
            "min": 0.004999999422580004,
            "max": 0.004999999888241291,
            "count": 13
        },
        "Dodger.Losses.CuriosityForwardLoss.mean": {
            "value": 0.18651951849460602,
            "min": 0.07722792774438858,
            "max": 0.18651951849460602,
            "count": 13
        },
        "Dodger.Losses.CuriosityInverseLoss.mean": {
            "value": 2.126304864883423,
            "min": 2.1254358291625977,
            "max": 2.7678322792053223,
            "count": 13
        },
        "Dodger.IsTraining.mean": {
            "value": 1.0,
            "min": 1.0,
            "max": 1.0,
            "count": 13
        }
    },
    "metadata": {
        "timer_format_version": "0.1.0",
        "start_time_seconds": "1610069602",
        "python_version": "3.8.5 (default, Sep  3 2020, 21:29:08) [MSC v.1916 64 bit (AMD64)]",
        "command_line_arguments": "C:\\Anaconda\\envs\\ml-agents\\Scripts\\mlagents-learn Dodger.yml --run-id Dodger_run_15 --force",
        "mlagents_version": "0.21.1",
        "mlagents_envs_version": "0.21.1",
        "communication_protocol_version": "1.2.0",
        "tensorflow_version": "2.3.1",
        "numpy_version": "1.19.2",
        "end_time_seconds": "1610070303"
    },
    "total": 700.9290477000001,
    "count": 1,
    "self": 0.004732400000193593,
    "children": {
        "run_training.setup": {
            "total": 0.007571100000000053,
            "count": 1,
            "self": 0.007571100000000053
        },
        "TrainerController.start_learning": {
            "total": 700.9167441999999,
            "count": 1,
            "self": 0.30485539999403954,
            "children": {
                "TrainerController._reset_env": {
                    "total": 8.7091077,
                    "count": 1,
                    "self": 8.7091077
                },
                "TrainerController.advance": {
                    "total": 688.0604186000058,
                    "count": 11716,
                    "self": 0.1308312000010119,
                    "children": {
                        "env_step": {
                            "total": 687.9295874000048,
                            "count": 11716,
                            "self": 672.1768350000058,
                            "children": {
                                "SubprocessEnvManager._take_step": {
                                    "total": 15.574613799998403,
                                    "count": 11716,
                                    "self": 0.309916500004185,
                                    "children": {
                                        "TFPolicy.evaluate": {
                                            "total": 15.264697299994218,
                                            "count": 10721,
                                            "self": 15.264697299994218
                                        }
                                    }
                                },
                                "workers": {
                                    "total": 0.17813860000065596,
                                    "count": 11715,
                                    "self": 0.0,
                                    "children": {
                                        "worker_root": {
                                            "total": 689.6454467000029,
                                            "count": 11715,
                                            "is_parallel": true,
                                            "self": 36.44211149999876,
                                            "children": {
                                                "steps_from_proto": {
                                                    "total": 0.0031439999999998136,
                                                    "count": 1,
                                                    "is_parallel": true,
                                                    "self": 0.00022539999999970917,
                                                    "children": {
                                                        "_process_vector_observation": {
                                                            "total": 0.0029186000000001044,
                                                            "count": 12,
                                                            "is_parallel": true,
                                                            "self": 0.0029186000000001044
                                                        }
                                                    }
                                                },
                                                "UnityEnvironment.step": {
                                                    "total": 653.2001912000042,
                                                    "count": 11715,
                                                    "is_parallel": true,
                                                    "self": 1.589408099997513,
                                                    "children": {
                                                        "UnityEnvironment._generate_step_input": {
                                                            "total": 3.831859100003454,
                                                            "count": 11715,
                                                            "is_parallel": true,
                                                            "self": 3.831859100003454
                                                        },